"Institution, Course, Type, Study Mode, Foundation Year(s), Sandwich Year(s), Total years, Salary (6 months after), Median Tariff"
10007849,Computer  Arts,BA,FullTime,0,0,4,17000,176
10007849,Game  Design  and  Production  Management,BA,FullTime,0,0,4,17000,144
10000291,Computer  Games  Art,BA,FullTime,0,0,3,24000,133.0
10000291,Fashion  Design,BA,FullTime,0,0,3,18000,101.0
10000291,Fine  Art,BA,FullTime,0,0,3,18000,112
10000291,Graphic  Design,BA,FullTime,0,0,3,18000,80
10000291,Interior  Design,BA,FullTime,0,0,3,18000,96
10000291,Operating  Department  Practice,BSc,FullTime,0,0,3,22000,118.42857142857143
10000291,Performing  Arts,BA,FullTime,0,0,3,18000,103.94117647058823
10000291,Performing  Arts,BA,FullTime,0,0,3,18000,106.0
10000291,Smart  Computing,BSc,FullTime,0,2,4,24000,94.21052631578948
10000291,Smart  Computing,BSc,FullTime,0,0,3,24000,94.21052631578948
10000385,Art  and  Design  History,BA,FullTime,0,0,3,16000,122.26315789473685
10000385,Costume  and  Performance  Design,BA,FullTime,0,0,3,17000,149.45454545454547
10000385,Fine  Art,BA,FullTime,0,0,3,16000,122.26315789473685
10000385,Graphic  Design,BA,FullTime,0,0,3,18000,157.125
10000385,Interior  Architecture  and  Design,BA,FullTime,0,0,3,18000,133.0
10000385,Visual  Effects  Design  and  Production,BA,FullTime,0,0,3,17000,119.5
10007162,Ceramic  Design,BA,FullTime,0,1,3,19000,125.23529411764706
10007162,Cordwainers  Fashion  Bags  and  Accessories:  Product  Design  and  Innovation,BA,FullTime,0,1,3,19000,90.71428571428571
10007162,Cordwainers  Footwear:  Product  Design  and  Innovation,BA,FullTime,0,1,3,19000,112
10007162,Design  for  Art  Direction,BA,FullTime,0,0,3,18000,103.5
10007162,Design  for  Branded  Spaces,BA,FullTime,0,1,3,19000,125.23529411764706
10007162,Design  Management  and  Cultures,BA,FullTime,0,0,3,19000,125.23529411764706
10007162,Fashion  Design  and  Development,BA,FullTime,0,1,3,19000,147.0
10007162,Fashion  Design  Technology:  Menswear,BA,FullTime,0,0,3,19000,138.0
10007162,Fashion  Design  Technology:  Womenswear,BA,FullTime,0,0,3,19000,163.0
10007162,Fashion:  Design  With  Knitwear,BA,FullTime,0,1,3,19000,125.23529411764706
10007162,Fashion:  Design  With  Marketing,BA,FullTime,0,1,3,19000,125.23529411764706
10007162,Fashion:  Fashion  Design  Menswear,BA,FullTime,0,1,3,19000,125.23529411764706
10007162,Fashion:  Fashion  Design  Womenswear,BA,FullTime,0,1,3,19000,125.23529411764706
10007162,Fine  Art,BA,FullTime,0,0,3,18000,144
10007162,Fine  Art,BA,FullTime,0,1,3,18000,119.5
10007162,Fine  Art:  Painting,BA,FullTime,0,0,3,18000,128
10007162,Fine  Art:  Print  and  Time  Based  Media,BA,FullTime,0,0,3,18000,119.5
10007162,Fine  Art:  Sculpture,BA,FullTime,0,0,3,18000,117.0
10007162,Graphic  and  Media  Design,BA,FullTime,0,1,3,19000,118.0
10007162,Graphic  Communication  Design,BA,FullTime,0,0,3,19000,125.33333333333333
10007162,Graphic  Design,BA,FullTime,0,0,3,19000,135.5
10007162,Graphic  Design,FDA,FullTime,0,0,2,20000,80
10007162,Graphic  Design  Communication,BA,FullTime,0,0,3,19000,149.0
10007162,Information  and  Interface  Design,BA,FullTime,0,0,3,19000,125.23529411764706
10007162,Interaction  Design  Arts,BA,FullTime,0,0,3,19000,125.23529411764706
10007162,Interior  and  Spatial  Design,BA,FullTime,0,0,3,19000,101.625
10007162,Interior  Design,FDA,FullTime,0,0,2,20000,87.5
10007162,Jewellery  Design,BA,FullTime,0,1,3,19000,125.23529411764706
10007162,Performance  Design  and  Practice,BA,FullTime,0,1,3,19000,134.66666666666666
10007162,Product  Design,BA,FullTime,0,1,3,19000,123.25
10007162,Production  Arts  for  Screen,BA,FullTime,0,0,3,19000,134.66666666666666
10007162,Sound  Arts  and  Design,BA,FullTime,0,0,3,19000,115.33333333333333
10007162,Textile  Design,BA,FullTime,0,1,3,19000,131.0
10007162,Textile  Design,BA,FullTime,0,0,3,19000,116.28571428571428
10007162,Theatre  Design,BA,FullTime,0,0,3,19000,134.66666666666666
10007162,Three-Dimensional  Design,BA,FullTime,0,0,3,19000,125.23529411764706
10007759,Design  Engineering,BEng,FullTime,0,2,4,27000,96
10007759,Industrial  Product  Design,BSc,FullTime,0,2,4,27000,125.33333333333333
10007759,Product  Design  and  Management,BSc,FullTime,0,2,4,27000,146.5
10007759,Transport  Product  Design,BSc,FullTime,0,2,4,27000,137.75
10007857,Design  And  Technology,BSc,FullTime,0,0,3,22000,146.30769230769232
10007857,Product  Design,BSc,FullTime,0,0,3,16000,107.25
10007152,Advertising  and  Branding  Design,BA,FullTime,0,0,3,18000,90.0
10007152,Advertising  and  Branding  Design,BA,FullTime,2,0,4,18000,90.0
10007152,Advertising  and  Branding  Design,BA,FullTime,0,2,4,18000,90.0
10007152,Art  and  Design,BA,FullTime,0,2,4,17000,69.0
10007152,Art  and  Design,BA,FullTime,2,0,4,17000,69.0
10007152,Art  and  Design,BA,FullTime,0,0,3,17000,69.0
10007152,Artificial  Intelligence  and  Robotics,BSc,FullTime,0,2,5,24000,87.10526315789474
10007152,Artificial  Intelligence  and  Robotics,BSc,FullTime,2,0,5,24000,87.10526315789474
10007152,Artificial  Intelligence  and  Robotics,BSc,FullTime,0,0,3,24000,87.10526315789474
10007152,Fashion  Design,BA,FullTime,2,0,4,18000,90.0
10007152,Fashion  Design,BA,FullTime,0,2,4,18000,90.0
10007152,Fashion  Design,BA,FullTime,0,0,3,18000,90.0
10007152,Fine  Art,BA,FullTime,0,0,3,18000,87.5
10007152,Fine  Art,BA,FullTime,2,0,4,18000,87.5
10007152,Fine  Art,BA,FullTime,0,2,4,18000,87.5
10007152,Graphic  Design,BA,FullTime,0,2,3,18000,90.0
10007152,Graphic  Design,BA,FullTime,0,0,3,18000,76.5
10007152,Graphic  Design,BA,FullTime,2,0,4,18000,90.0
10007152,Graphic  Design,BA,FullTime,0,2,4,18000,90.0
10007152,Interior  Design  and  Retail  Branding,BA,FullTime,0,0,3,18000,90.0
10007152,Interior  Design  and  Retail  Branding,BA,FullTime,0,2,4,18000,90.0
10007152,Interior  Design  and  Retail  Branding,BA,FullTime,2,0,4,18000,90.0
10007152,Operating  Department  Practice,BSc,FullTime,0,0,3,22000,109.26923076923077
10007152,Performing  Arts,BA,FullTime,0,2,4,17000,80
10007152,Performing  Arts,BA,FullTime,2,0,4,17000,80
10007152,Performing  Arts,BA,FullTime,0,0,3,16000,80
10007152,Photography  and  Video  Art,BA,FullTime,0,2,4,17000,74.0
10007152,Photography  and  Video  Art,BA,FullTime,2,0,4,17000,74.0
10007152,Photography  and  Video  Art,BA,FullTime,0,0,3,18000,85.0
10007152,Product  Design,BSc,FullTime,0,0,3,18000,90.0
10007760,Arts  and  Humanities,BA,FullTime,0,0,3,21000,103.5
10007760,Arts  and  Humanities,BA,PartTime,0,0,,26000,0
10007760,Arts  and  Humanities,BA,FullTime,2,0,4,21000,96
10007760,Chartered  Management,BBA,PartTime,0,0,,27000,0
10007760,History  of  Art,BA,PartTime,0,0,,34000,0
10007760,History  of  Art,BA,FullTime,0,0,3,20000,106.0
10007760,History  of  Art  with  Curating,BA,FullTime,0,0,3,20000,106.0
10007760,History  of  Art  with  Curating,BA,PartTime,0,0,,34000,0
10007760,History  of  Art  with  Film,BA,FullTime,0,0,3,20000,106.0
10007760,History  of  Art  with  History,BA,FullTime,0,0,3,20000,106.0
10007140,Art  and  Design,BA,FullTime,0,0,3,16000,138.0
10007140,Costume  Design  and  Practice,BA,FullTime,0,1,3,18000,128
10007140,Design  for  Performance,BA,FullTime,0,0,3,17000,137.0
10007140,Fashion  Design,BA,FullTime,0,1,3,18000,133.45454545454547
10007140,Fine  Art,BA,FullTime,0,0,3,16000,136.57142857142858
10007140,Interior  Architecture  and  Design,BA,FullTime,0,0,3,18000,122.0
10007140,Operating  Department  Practice,DipHE,FullTime,0,0,2,22000,119.5
10007140,Operating  Department  Practice,BSc,FullTime,0,0,3,22000,139.25
10007140,Product  and  Furniture  Design,BA,FullTime,0,0,3,18000,106.0
10007140,Textile  Design,BA,FullTime,0,0,3,18000,135.5
10007140,Video  Game  Digital  Art,BA,FullTime,0,0,2,18000,150.0
10006840,Artificial  Intelligence  and  Computer  Science,BSc,FullTime,1,0,3,24000,187.42857142857142
10006840,Artificial  Intelligence/Computer  Science  with  an  Industrial  Year,BSc,FullTime,1,2,4,24000,171.25
10006840,Drama  and  Theatre  Arts,BA,FullTime,0,0,3,17000,172.95454545454547
10006840,History  and  History  of  Art,BA,FullTime,0,0,3,18000,162.6086956521739
10006840,History  of  Art,BA,FullTime,0,0,3,18000,144
10006840,Physics  with  Particle  Physics  and  Cosmology,MSci,FullTime,1,0,4,25000,202.0
10006840,Physics  with  Particle  Physics  and  Cosmology,BSc,FullTime,1,0,3,25000,204.85714285714286
10000721,Floristry  Design,FDA,FullTime,0,0,2,15725,0
10006841,Art  and  Design,BA,FullTime,0,0,3,17000,112
10006841,Art  and  Design  with  Foundation,BA,FullTime,2,0,4,17000,70.0
10006841,Fine  Art,BA,FullTime,0,0,3,17000,128
10006841,Games  Art,BA,FullTime,0,0,3,21000,112
10006841,Games  Design,BSc,FullTime,0,0,3,21000,105.23076923076923
10006841,Games  Design  with  Foundation,BSc,FullTime,2,0,4,25000,48
10006841,Graphic  Design,BA,FullTime,0,0,3,17000,134.0
10006841,Live  Visual  Design  and  Production,BA,FullTime,0,0,3,17000,121.0
10006841,Textiles  and  Surface  Design,BA,FullTime,0,0,3,17000,135.5
10000824,Computer  Animation  Art  and  Design,BA,FullTime,0,1,3,18000,151.8
10000824,Computer  Animation  Technical  Arts,BA,FullTime,0,1,3,18000,151.8
10000824,Design  Engineering,BSc,FullTime,0,2,4,23000,107.25
10000824,Games  Design,BSc,FullTime,0,2,3,25000,128.83333333333334
10000824,Industrial  Design,BA,FullTime,0,2,4,18000,115.0
10000824,Operating  Department  Practice,DipHE,FullTime,0,1,2,22000,96
10000824,Product  Design,BA,FullTime,0,2,4,18000,96
10000824,Product  Design,BSc,FullTime,0,2,4,18000,96
10000824,Product  Design,MDes,FullTime,0,2,4,18000,96
10000840,Graphic  Design  and  Illustration,BA,FullTime,0,0,3,17000,0
10000840,Interior  Design,BA,FullTime,0,0,3,17000,0
10000840,Textiles  and  Surface  Design,BA,FullTime,0,0,3,17000,0
10000840,Visual  Arts,BA,FullTime,0,0,3,17000,0
10000840,Visual  Arts  (Art  and  Design),BA,FullTime,0,0,3,17000,0
10000840,Visual  Arts  (Fine  Art),BA,FullTime,0,0,3,17000,0
10007785,Game  Design  and  Development,BSc,FullTime,0,2,4,21000,132.8
10007785,Game  Design  and  Development,BSc,FullTime,0,0,3,21000,132.8
10000886,3D  Design  and  Craft,MDes,FullTime,0,0,4,19000,124.0
10000886,3D  Design  and  Craft,BA,FullTime,0,0,3,19000,128.78947368421052
10000886,Computer  Science  with  Artificial  Intelligence,BSc,FullTime,0,1,3,25000,119.10526315789474
10000886,Design  for  Digital  Media,BA,FullTime,0,0,3,19000,128.78947368421052
10000886,Digital  Music  and  Sound  Arts,BA,FullTime,0,0,3,18000,112
10000886,Earth  and  Ocean  Science,BSc,FullTime,0,1,3,22000,112
10000886,Fine  Art  Painting,BA,FullTime,0,0,3,16000,112
10000886,Fine  Art  Printmaking,BA,FullTime,0,0,3,16000,147.75
10000886,Fine  Art  Sculpture,BA,FullTime,0,0,3,16000,124.85714285714286
10000886,Fine  Art:  Critical  Practice,BA,FullTime,0,0,3,16000,112
10000886,Graphic  Design,BA,FullTime,0,0,3,19000,134.0
10000886,History  of  Art  and  Design,BA,FullTime,0,0,3,18000,117.0
10000886,Product  Design  Technology  with  Professional  Experience,BSc,FullTime,0,2,4,19000,114.5
10000886,Product  Design  with  Professional  Experience,BSc,FullTime,0,2,4,19000,131.75
10000886,Sports  Product  Design  with  Professional  Experience,BSc,FullTime,0,2,4,26000,118.0
10007786,Engineering  Design  with  Study  in  Industry,MEng,FullTime,0,2,5,27000,200.57142857142858
10007786,History  of  Art,BA,FullTime,1,0,3,20000,166.0
10007786,Liberal  Arts,BA,FullTime,1,0,3,20000,184.57142857142858
10007786,Liberal  Arts  with  Study  Abroad,MLibArts,FullTime,1,0,4,20000,199.5
10000961,Computer  Science  (Artificial  Intelligence),BSc,FullTime,1,2,4,26000,113.36363636363636
10000961,Computer  Science  (Artificial  Intelligence),BSc,FullTime,1,0,3,26000,113.36363636363636
10000961,Games  Design,BA,FullTime,0,0,3,18000,140.0
10000961,Industrial  Design  and  Technology,BA,FullTime,0,2,4,18000,128
10000961,Industrial  Design  and  Technology,BA,FullTime,0,0,3,18000,138.71428571428572
10000961,Mechanical  Engineering  with  Automotive  Design,BEng,FullTime,0,0,3,26000,156.5
10000961,Mechanical  Engineering  with  Automotive  Design,MEng,FullTime,0,0,4,26000,156.5
10000961,Mechanical  Engineering  with  Automotive  Design,BEng,FullTime,0,2,4,26000,156.5
10000961,Mechanical  Engineering  with  Automotive  Design,MEng,FullTime,0,2,5,26000,156.5
10000961,Product  Design,BSc,FullTime,0,0,3,18000,144.75
10000961,Product  Design,BSc,FullTime,0,2,4,18000,138.0
10000961,Product  Design  Engineering,BSc,FullTime,0,0,3,18000,156.85714285714286
10000961,Product  Design  Engineering,BSc,FullTime,0,2,4,18000,149.0
10007787,Communication  (EFL)  Media  and  Visual  Design,BA,FullTime,0,0,2,18000,98.5
10007787,Communication  Media  and  Visual  Design,BA,FullTime,0,0,2,18000,98.5
10007787,English  Literature  with  History  of  Art,BA,FullTime,0,0,2,18000,98.5
10007787,History  of  Art  with  English  Literature,BA,FullTime,0,0,2,18000,98.5
10007787,History  of  Art  with  French,BA,FullTime,0,0,2,18000,98.5
10007787,History  of  Art  with  Spanish,BA,FullTime,0,0,2,18000,98.5
10007787,Law  (part-time),LLB,PartTime,0,0,,25000,0
10000975,Fashion  Design,BA,FullTime,1,0,3,19000,105.0
10000975,Graphic  Arts,BA,FullTime,0,0,3,19000,108.41379310344827
10000975,Graphic  Design,BA,FullTime,1,0,3,19000,108.41379310344827
10000975,Interior  and  Spatial  Design,BA,FullTime,1,0,3,19000,108.41379310344827
10000975,Performing  Arts  (Film  TV  and  Stage),BA,FullTime,1,0,3,18000,107.25
10000975,Product  Design,BA,FullTime,1,0,3,26000,80
10000975,Product  Design,BSc,FullTime,1,0,3,26000,80
10000975,Product  Design:  Interior  Product,BA,FullTime,1,0,3,19000,108.41379310344827
10000975,Sound  Design,BSc,FullTime,1,0,3,20000,101.0
10007788,History  of  Art,BA,FullTime,0,0,3,21000,192
10001143,Games  Design,BA,FullTime,0,0,3,25000,108.0
10001143,Operating  Department  Practice,BSc,FullTime,0,0,3,22000,132.41176470588235
10001143,Web  Design,BA,FullTime,0,0,3,17000,108.14285714285714
10007854,Architectural  Design  &  Technology,BSc,FullTime,0,0,3,19000,112
10007854,Artist  Designer:  Maker,BA,FullTime,0,0,3,17000,117.0
10007854,Computer  Games  Design  and  Development,BSc,FullTime,1,1,3,21000,90.71428571428571
10007854,Fashion  Design,BA,FullTime,0,0,3,17000,120.86363636363636
10007854,Fine  Art,BA,FullTime,0,0,3,17000,119.05882352941177
10007854,Interior  Design,BA,FullTime,0,0,3,16000,120.18181818181819
10007854,Product  Design,BA,FullTime,0,0,3,17000,112
10007854,Product  Design,BSc,FullTime,0,0,3,25000,133.0
10007814,Operating  Department  Practice,BSc,FullTime,0,0,3,22000,151.5
10007141,Architecture  Part  1,BSc,FullTime,1,0,3,18000,151.5
10007141,Architecture  Part  1,BSc,FullTime,2,0,4,18000,151.5
10007141,Architecture  Part  II,MArch,FullTime,0,0,2,18000,90.0
10007141,Fashion  Design,BA,FullTime,2,2,5,17000,149.0
10007141,Fashion  Design,BA,FullTime,1,2,4,17000,149.0
10007141,Fine  Art,BA,FullTime,1,0,3,16000,121.375
10007141,Fine  Art,BA,FullTime,2,0,4,16000,121.375
10007141,Games  Design,BA,FullTime,2,0,4,21000,128
10007141,Games  Design,BA,FullTime,1,0,3,21000,128
10007141,Graphic  Design,BA,FullTime,1,1,3,17000,138.0
10007141,Graphic  Design,BA,FullTime,2,1,4,17000,138.0
10007141,Interior  Design,BA,FullTime,1,0,3,17000,124.0
10007141,Interior  Design,BA,FullTime,2,0,4,17000,124.0
10007141,Liberal  Arts,BA,FullTime,0,0,3,18000,106.0
10007141,Operating  Department  Practice,BSc,FullTime,0,0,3,22000,132.28571428571428
10007141,Product  Design,BA,FullTime,1,0,3,17000,105.0
10007141,Product  Design,BA,FullTime,2,0,4,17000,105.0
10007141,Social  Pedagogy  Advocacy  and  Participation,BA,FullTime,0,0,3,24000,153.54545454545453
10007141,Web  Design  &  Development,BSc,FullTime,2,0,4,21000,112
10007141,Web  Design  and  Development,BSc,FullTime,1,0,3,21000,112
10007848,Fashion  Design,BA,FullTime,0,0,3,17000,119.5
10007848,Fine  Art,BA,FullTime,0,0,3,17000,123.25
10007848,Fine  Art  (with  Foundation  Year),BA,FullTime,2,0,4,17000,123.25
10007848,Graphic  Design,BA,FullTime,0,0,3,17000,123.25
10007848,Graphic  Design  (with  Foundation  Year),BA,FullTime,2,0,4,17000,119.5
10007848,Interior  Design,BA,FullTime,0,0,3,17000,119.5
10007848,Interior  Design  (with  Foundation  Year),BA,FullTime,2,0,4,17000,119.5
10007848,Performing  Arts,BA,FullTime,0,0,3,16000,103.5
10007848,Product  Design,BA,FullTime,0,0,3,17000,119.5
10007848,Product  Design  (with  Foundation  Year),BA,FullTime,2,0,4,17000,119.5
10007137,Fine  Art,BA,FullTime,0,0,3,16000,107.25
10007137,Fine  Art  with  Printmaking,BA,FullTime,0,0,3,16000,106.0
10007137,Fine  Art  with  Sculpture,BA,FullTime,0,0,3,16000,106.0
10007137,Fine  Art  with  Textiles,BA,FullTime,0,0,3,16000,106.0
10007137,Music  with  Arts  Development,BA,FullTime,0,0,3,17000,138.0
10007137,Performing  Arts  (Theatre  Performance  and  Dance),BA,FullTime,0,0,3,17000,130.8125
10001535,3D  Design  and  Craft,BA,FullTime,1,0,3,17000,0
10001535,Fine  Art,BA,FullTime,0,0,3,17000,0
10001535,Graphic  Design,BA,FullTime,1,0,3,17000,0
10001653,Circus  Arts,FDA,FullTime,0,0,2,21000,96
10001653,Production  and  Technical  Arts:  Stage  &  Screen,FDA,FullTime,0,0,2,21000,83.75
10007761,History  of  Art,BA,FullTime,0,0,3,21000,160
10001726,Automotive  and  Transport  Design,BA,FullTime,0,1,3,18000,128
10001726,Fine  Art,BA,FullTime,0,1,3,18000,108.5
10001726,Games  Art,BA,FullTime,0,1,3,18000,133.0
10001726,Graphic  Design,BA,FullTime,0,1,3,18000,128
10001726,Interior  Design,BA,FullTime,0,1,3,18000,133.0
10001726,Operating  Department  Practitioners  (Non  Commissioned),DipHE,FullTime,0,0,2,22000,119.5
10001726,Product  Design,BA,FullTime,0,1,3,18000,122.0
10006427,Computer  Animation  Arts,BA,FullTime,0,0,3,17000,115.0
10006427,Computer  Games  Arts,BA,FullTime,0,0,3,19000,112
10006427,Design  for  Theatre  Film  and  Performance,BA,FullTime,0,0,3,18000,162.5
10006427,Digital  Film  &  Screen  Arts,BA,FullTime,0,0,3,17000,131.75
10006427,Fashion  Design,BA,FullTime,2,0,4,19000,105.0
10006427,Fashion  Design,BA,FullTime,0,0,3,19000,144
10006427,Fine  Art,BA,FullTime,0,0,3,16000,122.0
10006427,Fine  Art,BA,FullTime,0,0,3,16000,119.5
10006427,Fine  Art,BA,FullTime,2,0,4,16000,122.5
10006427,Graphic  Design,BA,FullTime,2,0,4,19000,124.5
10006427,Graphic  Design,BA,FullTime,0,0,3,19000,117.0
10006427,Graphic  Design:  Visual  Communications,BA,FullTime,0,0,3,19000,135.5
10006427,Hand  Embroidery  for  Fashion  Interiors  Textile  Art,BA,FullTime,0,0,3,18000,138.0
10006427,Interior  Architecture  &  Design,BA,FullTime,0,0,3,19000,92.0
10006427,Interior  Architecture  &  Design,BA,FullTime,0,0,3,19000,96
10006427,Product  Design,BA,FullTime,0,0,3,19000,192
10001883,Arts  and  Festivals  Management,BA,FullTime,0,1,3,18000,96
10001883,Communication  Arts,BA,FullTime,0,1,3,17000,104.75
10001883,Fine  Art,BA,FullTime,0,1,3,16000,115.75
10001883,Footwear  Design,BA,FullTime,0,1,3,26000,112
10001883,Performing  Arts,BA,FullTime,0,1,3,17000,112
10007851,Accounting  and  Architectural  Design,BA,PartTime,1,1,,30000,0
10007851,Architectural  Design  and  Business  Management,BA,PartTime,1,1,,32000,0
10007851,Architectural  Design  and  Education  Studies,BA,PartTime,1,1,,21000,0
10007851,Architectural  Design  and  Marketing,BA,PartTime,1,1,,30000,0
10007851,Architectural  Design  and  Psychology,BA/BSc,PartTime,1,1,,23000,0
10007851,Costume  and  Set  Design,BA,FullTime,1,1,3,16000,119.5
10007851,Creative  Expressive  Therapies  (Art),BA,FullTime,1,0,3,22000,96
10007851,Creative  Expressive  Therapies  (Art)  with  Foundation  Year,BA,FullTime,2,0,4,22000,125.125
10007851,Early  Childhood  Studies  and  Architectural  Design,BA,PartTime,1,1,,21000,0
10007851,Fine  Art,BA,FullTime,1,0,3,17000,119.5
10007851,Graphic  Design,MDes,FullTime,1,0,4,18000,118.42857142857143
10007851,Graphic  Design,BA,FullTime,1,0,3,18000,108.5
10007851,Interior  Architecture  and  Venue  Design,BA,FullTime,1,1,3,18000,80
10007851,Interior  Design,BA,FullTime,0,0,3,18000,118.42857142857143
10007851,Product  Design,BA,FullTime,1,1,3,18000,76.5
10007851,Product  Design  Engineering,BSc,FullTime,1,1,3,26000,99.33333333333333
10007851,Product  Design  Engineering,BSc,PartTime,1,1,,33000,0
10007851,Professional  Culinary  Arts,FDA,PartTime,1,0,,27000,0
10007851,Textile  Design,BA,FullTime,1,1,3,18000,128
10007852,Arts  and  Social  Sciences,MA,FullTime,0,0,3,21000,162.3684210526316
10007852,Digital  Interaction  Design,BSc,FullTime,0,0,4,18000,131.75
10007852,Graphic  Design,BDes,FullTime,1,0,4,18000,161.25
10007852,Interior  &  Environmental  Design,BDes,FullTime,0,0,4,18000,161.25
10007852,Jewellery  and  Metal  Design,BDes,FullTime,1,0,4,18000,161.25
10007852,Product  Design,BSc,FullTime,0,0,4,18000,151.5
10007852,Textile  Design,BDes,FullTime,1,0,4,18000,161.25
10007143,Earth  Sciences,MSci,FullTime,0,0,4,20000,186.0
10007789," ""Archaeology  Anthropology  and  Art  History """,BA,FullTime,0,0,3,19000,152.4375
10007789,Archaeology  Anthropology  and  Art  History,BA,FullTime,0,0,4,19000,152.4375
10007789,History  and  History  Of  Art,BA,FullTime,0,0,3,19000,152.4375
10007789,History  of  Art,BA,FullTime,0,0,4,19000,152.4375
10007789,History  Of  Art,BA,FullTime,0,0,3,19000,156.85714285714286
10007789,History  Of  Art,BA,FullTime,0,0,4,19000,152.4375
10007789,History  Of  Art  and  Literature,BA,FullTime,0,0,3,19000,152.4375
10007789,History  Of  Art  with  Gallery  and  Museum  Studies,BA,FullTime,0,0,3,19000,152.4375
10007144,Computer  Games  Design:  Story  Development,BA,FullTime,1,0,3,19000,92.85714285714286
10007144,Engineering  Design,BEng,PartTime,0,0,,40000,0
10007144,Engineering  Design,BEng,FullTime,0,0,3,26000,59.666666666666664
10007144,Fashion  Design,BA,PartTime,1,1,,25000,0
10007144,Fashion  Design,BA,FullTime,1,1,3,19000,103.5
10007144,Fine  Art,BA,PartTime,1,0,,25000,0
10007144,Fine  Art,BA,FullTime,1,0,3,18000,96
10007144,Graphic  Design,BA,FullTime,1,0,3,19000,119.5
10007144,Graphic  Design,BA,PartTime,1,0,,25000,0
10007144,Performing  Arts,BA,FullTime,0,0,3,18000,114.5
10007144,Product  Design,BSc,FullTime,1,0,3,19000,98.14285714285714
10007823,Operating  Department  Practice,BSc,FullTime,0,0,3,22000,128
10007823,Theatre  Design,BA,FullTime,0,1,3,16000,96
10007823,Web  Design  &  Development,MComp,FullTime,0,1,4,21000,122.0
10007823,Web  Design  &  Development,BSc,FullTime,0,1,3,17000,133.0
10007791,Art  History,BA,FullTime,0,0,3,20000,118.6
10007791,Art  History,BA,FullTime,2,0,4,20000,118.6
10007791,Art  History,BA,FullTime,0,0,4,20000,118.6
10007791,Art  History  (Including  Foundation  Year  and  Year  Abroad),BA,FullTime,0,0,4,20000,118.6
10007791,Art  History  and  History,BA,FullTime,0,0,3,20000,118.6
10007791,Art  History  and  History,BA,FullTime,0,0,4,20000,118.6
10007791,Art  History  and  History,BA,FullTime,2,0,4,20000,118.6
10007791,Art  History  and  History  (Including  Foundation  Year  and  Year  Abroad),BA,FullTime,0,0,4,20000,118.6
10007792,Art  History  &  Visual  Culture  and  History,BA,FullTime,0,1,3,20000,181.5263157894737
10007792,Art  History  and  Visual  Culture,BA,FullTime,0,1,3,20000,160
10008640,Fashion  Design,BA,FullTime,0,0,3,18000,96
10008640,Fine  Art,BA,FullTime,0,0,3,16000,136.57142857142858
10008640,Game  Art,BA,FullTime,0,0,3,18000,128.88235294117646
10008640,Graphic  Design,BA,FullTime,0,0,3,18000,148.6153846153846
10008640,Interior  Design,BA,FullTime,0,0,3,18000,115.75
10008640,Sportswear  Design,BA,FullTime,0,0,3,18000,128.88235294117646
10008640,Sustainable  Product  Design,BA,FullTime,0,0,3,18000,106.0
10008640,Textile  Design,BA,FullTime,0,0,3,18000,112
10007145,Computer  Games  Design,BSc,FullTime,0,0,3,24000,117.45454545454545
10007145,Computer  Games  Design  SW,BSc,FullTime,0,2,4,24000,124.5
10007145,Fashion  Design,BA,FullTime,0,0,3,18000,108.0
10007145,Fine  Art,BA,FullTime,0,0,3,18000,121.0
10007145,Graphic  Design,BA,FullTime,0,0,3,18000,119.5
10007145,Performing  Arts,BA,FullTime,0,0,3,17000,125.125
10007145,Product  Design,BA,FullTime,0,0,3,18000,118.13636363636364
10007145,Product  Design,BSc,FullTime,0,0,3,18000,118.13636363636364
10007145,Product  Design  SW,BSc,FullTime,0,2,4,18000,118.13636363636364
10007833,Applied  Arts,BA,FullTime,1,0,3,16000,89.0
10007833,Applied  Arts,MDes,FullTime,0,0,4,16000,89.0
10007833,Architectural  Design  Technology,BSc,FullTime,1,0,3,20000,60.857142857142854
10007833,Computer  Game  Design  and  Enterprise,BSc,FullTime,1,0,3,21000,64
10007833,Fine  Art,BA,FullTime,1,0,3,16000,105.0
10007833,Fine  Art,MFA,FullTime,0,0,3,16000,96
10007833,Game  Art,MDes,FullTime,0,0,4,16000,80
10007833,Game  Art,BA,FullTime,1,0,3,16000,64
10007833,Graphic  Design,BA,FullTime,1,0,3,16000,80
10007833,Graphic  Design,MDes,FullTime,0,0,4,16000,80
10007833,Sports  Coaching  for  Participation  and  Performance  Development,BSc,FullTime,1,0,3,17000,91.25
10002718,Design,BA,FullTime,0,0,3,19000,161.5
10002718,Digital  Arts  Computing,BSc,FullTime,0,1,3,26000,113.875
10002718,Drama  and  Theatre  Arts,BA,FullTime,0,0,3,19000,132.6153846153846
10002718,Fine  Art,BA,FullTime,0,0,3,19000,227.0
10002718,History  of  Art,BA,FullTime,0,0,3,22000,112
10007146,Design  Innovation  and  Entrepreneurship,BEng,PartTime,0,1,,32000,0
10007146,Design  Innovation  and  Entrepreneurship,MEng,FullTime,0,1,4,26000,106.0
10007146,Design  Innovation  and  Entrepreneurship,MEng,PartTime,0,1,,32000,0
10007146,Design  Innovation  and  Entrepreneurship,BEng,FullTime,0,1,3,26000,106.0
10007146,Design  Innovation  and  Entrepreneurship  (Extended),BEng,FullTime,2,1,4,26000,106.0
10007146,Design  Innovation  and  Entrepreneurship  (Extended),BEng,PartTime,2,1,,32000,0
10007146,Digital  Arts,BA,FullTime,0,1,3,18000,135.5
10007146,Digital  Media  Design  (Extended),BSc,FullTime,2,1,4,25000,145.5
10007146,Digital  Media  Design  and  Development,BSc,PartTime,0,1,,26000,0
10007146,Digital  Media  Design  and  Development,BSc,FullTime,0,1,3,25000,112
10007146,Games  Design  and  Development,BSc,PartTime,0,1,,26000,0
10007146,Games  Design  and  Development,BSc,FullTime,0,1,3,25000,123.25
10007146,Graphic  and  Digital  Design,BA,FullTime,0,1,3,20000,128
10007938,Design,BA,FullTime,0,0,3,16000,0
10007938,Fine  Art,BA,FullTime,0,0,3,16000,0
10007938,Special  Effects  Make-up  Design  and  Prosthetics,BA,FullTime,0,0,3,16000,0
10007825,Technical  Theatre  Arts,BA,FullTime,0,0,3,19000,128
10007825,Video  Design  for  Live  Performance,BA,FullTime,0,0,3,19000,128
10003022,Artist  Blacksmithing,BA,FullTime,0,0,3,16000,0
10003022,Contemporary  Design  Crafts,BA,FullTime,0,0,3,16000,0
10003022,Fine  Art,BA,FullTime,0,0,3,16000,0
10003022,Graphic  and  Media  Design,BA,FullTime,0,0,3,16000,0
10003022,Jewellery  Design,BA,FullTime,0,0,3,16000,0
10003022,Textile  Design,BA,FullTime,0,0,3,16000,0
10007764,Computer  Science  (Artificial  Intelligence),BSc,FullTime,0,0,4,23000,163.0
10007764,Information  Systems  (Interaction  Design),BSc,FullTime,0,0,4,23000,165.0
10007764,Structural  Engineering  with  Architectural  Design,MEng,FullTime,0,0,5,25000,165.2941176470588
10007764,Structural  Engineering  with  Architectural  Design,BEng,FullTime,0,0,4,25000,165.2941176470588
10003035,Fine  Art  Practice  (HRC),FDA,FullTime,0,0,2,15392,80
10003035,Graphic  Design  (HRC),FDA,FullTime,0,0,2,16000,80
10003035,Performing  Arts,HND,FullTime,0,0,2,17000,80
10003035,Three-dimensional  Design  (HRC),FDA,FullTime,0,0,2,16000,80
10007147,3d  Games  Art  And  Design,BA,FullTime,0,1,3,18000,136.33333333333334
10007147,Computer  Science  (Artificial  Intelligence),BSc,FullTime,0,1,3,25000,120.18181818181819
10007147,Design  Crafts  (Ceramics  And  Glass),BA,FullTime,0,1,3,18000,112.75
10007147,Design  Crafts  (Jewellery),BA,FullTime,0,1,3,18000,112.75
10007147,Design  Crafts  (Textiles),BA,FullTime,0,1,3,18000,112.75
10007147,Fashion  Design,BSc,FullTime,0,1,3,18000,112.75
10007147,Fine  Art,BA,FullTime,0,1,3,16000,119.5
10007147,Graphic  Design,BA,FullTime,0,1,3,18000,113.875
10007147,Interior  Architecture  And  Design,BA,FullTime,0,1,3,18000,106.0
10007147,Model  Design  (Character  Creation  And  Technical  Effects),BA,FullTime,0,1,3,18000,112
10007147,Model  Design  (Model  Effects),BA,FullTime,0,1,3,18000,112
10007147,Model  Design  (Special  Effects),BA,FullTime,0,1,3,18000,112
10007147,Music  And  Sound  Design  Technology,BSc,FullTime,0,1,3,18000,122.5
10007147,Product  And  Industrial  Design,BA,FullTime,0,1,3,18000,106.0
10007147,Sound  Design  Technology,BSc,FullTime,0,1,3,18000,96
10007148,Architecture/Architecture  (International)  (RIBA  Part  1),BA,FullTime,0,0,3,18000,124.0
10007148,Computer  Games  Design,BA,FullTime,0,1,3,22000,144
10007148,Contemporary  Art,BA,FullTime,0,1,3,17000,130.5
10007148,Fashion  Design  (Fashion  Design  with  Marketing  and  Production),BA,FullTime,0,1,3,17000,133.0
10007148,Graphic  Design,BA,FullTime,0,1,3,17000,131.52941176470588
10007148,Interior  Design,BA,FullTime,0,1,3,17000,131.0
10007148,Operating  Department  Practice,BSc,FullTime,0,0,3,22000,128
10007148,Product  Design,BA/BSc,FullTime,0,1,3,17000,135.5
10007148,Sonic  Arts  and  Composition,BA,FullTime,0,1,3,17000,135.14285714285714
10007148,Textile  Practice  (Surface  Design),BA/BSc,FullTime,0,1,3,17000,118.0
10007148,Web  Design,BSc,FullTime,0,1,3,22000,147.0
10003200,Fine  Art,BA,FullTime,0,0,3,16000,0
10003200,Graphic  Design,BA,FullTime,0,0,3,16000,0
10007149,Digital  Design,BA,FullTime,0,0,3,22000,118.42857142857143
10007149,Digital  Design  with  a  Year  in  Industry,BA,FullTime,0,0,4,17000,101.0
10007149,Game  and  Entertainment  Design,BA,FullTime,0,0,3,17000,101.0
10007149,Game  and  Entertainment  Design  (with  a  Year  in  Industry),BA,FullTime,0,0,4,17000,101.0
10007149,Operating  Department  Practice,BSc,FullTime,0,0,3,22000,133.0
10003270,Computing  (Artificial  Intelligence),MEng,FullTime,0,0,4,25000,202.0
10003270,Design  Engineering,MEng,FullTime,0,0,4,26000,220.5
10007150,Art  History,BA,FullTime,0,0,3,19000,117.0
10007150,Art  History  and  History,BA,FullTime,0,0,3,19000,135.77777777777777
10007150,Computer  Science  (Artificial  Intelligence),BSc,FullTime,0,0,3,25000,150.42857142857142
10007150,Computer  Science  (Artificial  Intelligence)  with  a  Year  in  Industry,BSc,FullTime,0,2,4,25000,128
10007150,Digital  Arts,BA,FullTime,0,0,3,19000,112
10007150,Digital  Arts,MART,FullTime,0,0,4,19000,135.5
10007150,Digital  Arts  with  a  Year  in  Industry,BA,FullTime,0,2,4,19000,112
10007150,Digital  Arts  with  a  Year  in  Industry,MART,FullTime,0,2,5,19000,135.5
10003678,Art  &  Design  History  and  Practice,BA,FullTime,0,0,3,20000,80
10003678,Creative  and  Cultural  Industries:  Art  Direction,BA,FullTime,0,0,3,19000,115.57142857142857
10003678,Creative  and  Cultural  Industries:  Design  Marketing,BA,FullTime,0,0,3,19000,115.57142857142857
10003678,Graphic  Design,BA,FullTime,0,0,3,19000,154.71428571428572
10003678,Interior  Design,BA,FullTime,0,0,3,19000,121.0
10003678,Product  and  Furniture  Design,BA,FullTime,0,0,3,19000,112
10007768,Design,BA,FullTime,0,0,3,17000,167.5
10007768,Earth  and  Environmental  Science,MSci,FullTime,0,0,4,18000,156.0
10007768,Earth  and  Environmental  Science,BSc,FullTime,0,0,3,18000,135.5
10007768,Earth  and  Environmental  Science  (Study  Abroad),MSci,FullTime,0,0,4,18000,156.0
10007768,Earth  and  Environmental  Science  (Study  Abroad),BSc,FullTime,0,0,3,18000,165.0
10007768,Fine  Art,BA,FullTime,0,0,3,17000,165.0
10007768,Physics  with  Particle  Physics  and  Cosmology,BSc,FullTime,0,0,3,23000,171.5909090909091
10007768,Physics  with  Particle  Physics  and  Cosmology,MPhys,FullTime,0,0,4,23000,171.5909090909091
10003854,Comic  &  Concept  Art,BA,FullTime,0,0,3,17000,160.9375
10003854,Fashion  Design,BA,FullTime,0,0,3,17000,160.9375
10003854,Fine  Art,BA,FullTime,0,0,3,16000,152.75
10003854,Graphic  Design,BA,FullTime,0,0,3,17000,154.9090909090909
10003854,Printed  Textiles  and  Surface  Pattern  Design,BA,FullTime,0,0,3,17000,166.5625
10003861,Fine  Art,BA,FullTime,0,0,3,16000,113.2
10003861,Games  Design,BSc,FullTime,0,1,3,22000,103.5
10003861,Graphic  Arts  and  Design,BA,FullTime,0,0,3,17000,121.375
10003861,Interior  Architecture  and  Design,BA,FullTime,0,0,3,19000,105.0
10003861,Landscape  Architecture  and  Design,BA,FullTime,0,0,3,20000,96
10003861,Landscape  Architecture  and  Design,BA,PartTime,0,0,,30000,0
10003861,Product  Design,BA,FullTime,0,1,3,17000,118.25
10007795,Art  and  Design,BA,FullTime,0,1,3,18000,152.57142857142858
10007795,Computer  Science  with  Artificial  Intelligence,BSc,FullTime,0,1,3,23000,165.37735849056605
10007795,Computer  Science  with  Artificial  Intelligence,MEng,FullTime,0,1,4,23000,165.37735849056605
10007795,Earth  and  Environmental  Sciences,BSc,FullTime,2,1,4,20000,96
10007795,Fashion  Design,BA,FullTime,0,1,3,18000,163.0
10007795,Fine  Art,BA,FullTime,0,1,3,17000,181.0
10007795,Graphic  and  Communication  Design,BA,FullTime,0,1,3,18000,163.0
10007795,History  and  History  of  Art,BA,FullTime,0,1,3,19000,167.5
10007795,History  of  Art,BA,FullTime,0,1,3,19000,156.5
10007795,Product  Design,MDes,FullTime,0,1,4,26000,162.14285714285714
10007795,Product  Design,BDes,FullTime,0,1,3,26000,181.2941176470588
10007795,Textile  Design,BA,FullTime,0,1,3,18000,152.57142857142858
10007796,Film  Studies  and  the  Visual  Arts,BA,FullTime,0,0,3,17000,112
10007796,History  of  Art,BA,FullTime,0,0,3,18000,136.1818181818182
10007796,History  of  Art  (Major  for  Pathway),BA,FullTime,0,0,3,18000,136.1818181818182
10007796,Operating  Department  Practice,BSc,FullTime,0,0,3,22000,153.0
10007151,Art  History  and  History,BA,FullTime,0,0,3,18000,120.57142857142857
10007151,Design  for  Exhibition  and  Museums,BA,FullTime,0,0,3,18000,112
10007151,Fine  Art,BA,FullTime,0,0,3,15000,135.5
10007151,Graphic  Design,BA,FullTime,0,0,3,18000,125.39285714285714
10007151,Interactive  Design,BA,FullTime,0,0,3,18000,133.0
10007151,Interior  Architecture  and  Design,BA,FullTime,0,0,3,18000,122.0
10007151,Product  Design,BA,FullTime,0,1,3,18000,118.0
10003945,Theatre  Performnace  and  Design,BA,FullTime,0,0,3,16000,131.0
10003956,Design,BA,FullTime,0,0,3,16000,144
10003956,Fine  Art,BA,FullTime,0,0,3,16000,119.5
10003956,Graphic  Design,BA,FullTime,0,0,3,16000,144
10003957,Fine  Art,BA,FullTime,0,0,3,16000,149.0
10003957,Product  Design  Engineering,BSc,FullTime,0,1,3,25000,149.0
10006842,Earth  Sciences  entry  route  leading  to    (4  year  route  including  a  Found,BSc,FullTime,0,0,4,18000,142.4
10006842,Industrial  Design  BEng,BEng,FullTime,0,0,3,26000,142.54545454545453
10006842,Industrial  Design  MEng,MEng,FullTime,0,0,4,26000,142.54545454545453
10004048,Art  and  Design  Extended  Degree,BA,FullTime,2,0,3,19000,103.0
10004048,Design  Studio  Practice,BA,FullTime,0,0,3,19000,103.0
10004048,Fine  Art,BA,FullTime,1,0,3,18000,128
10004048,Furniture  and  Product  Design,BA,FullTime,0,0,3,19000,103.0
10004048,Graphic  Design,BA,FullTime,1,0,3,19000,96
10004048,Interior  Architechture  and  Design,BA,FullTime,1,0,3,20000,119.5
10004048,Interior  Design,BA,FullTime,1,0,3,19000,80
10004048,Interior  Design  and  Decoration,BA,FullTime,1,0,3,20000,119.5
10004048,Textile  Design,BA,FullTime,1,0,3,19000,112
10004078,Digital  Design,BA,FullTime,0,0,3,18000,107.25
10004078,Engineering  Product  Design,BSc,FullTime,1,1,4,19000,96
10004078,Game  Design  and  Development,BA/BSc,FullTime,0,0,3,18000,105.0
10004078,Operating  Department  Practice,BSc,FullTime,0,0,3,22000,134.0
10004078,Product  Design,BSc,FullTime,1,1,4,18000,92.5
10004078,Sound  Design,BA/BSc,FullTime,0,0,3,19000,100.28571428571428
10004078,Special  Effects  Design,BSc,FullTime,1,1,3,27000,67.0
10004113,Architectural  Engineering  and  Design  Management,BSc,FullTime,0,0,3,26000,131.0
10004113,Architectural  Engineering  and  Design  Management,BSc,FullTime,0,2,4,26000,131.0
10004113,Computer  Science  and  Artificial  Intelligence,MSci,FullTime,0,0,4,25000,145.36363636363637
10004113,Computer  Science  and  Artificial  Intelligence,MSci,FullTime,0,2,5,25000,145.36363636363637
10004113,Computer  Science  and  Artificial  Intelligence,BSc,FullTime,0,2,4,25000,139.25
10004113,Computer  Science  and  Artificial  Intelligence,BSc,FullTime,0,0,3,25000,139.25
10004113,Fine  Art,BA,FullTime,0,0,3,16000,145.0
10004113,Fine  Art,BA,FullTime,0,2,4,16000,145.0
10004113,Industrial  Design  and  Technology,BA,FullTime,0,0,3,18000,152.57142857142858
10004113,Industrial  Design  and  Technology,BA,FullTime,0,2,4,18000,152.57142857142858
10004113,Product  Design  and  Technology,BSc,FullTime,0,2,4,26000,153.0
10004113,Product  Design  and  Technology,BSc,FullTime,0,0,3,26000,153.0
10004113,Product  Design  Engineering,MEng,FullTime,0,0,4,26000,198.66666666666666
10004113,Product  Design  Engineering,MEng,FullTime,0,2,5,26000,198.66666666666666
10004113,Product  Design  Engineering,BEng,FullTime,0,2,4,26000,140.85714285714286
10004113,Product  Design  Engineering,BEng,FullTime,0,0,3,26000,140.85714285714286
10004113,Product  Design  Engineering  with  a  Foundation  Year,BEng,FullTime,2,0,4,26000,134.0
10004113,Product  Design  Engineering  with  an  International  Foundation  Year,BEng,FullTime,2,0,4,26000,153.6
10004113,Textiles:  Innovation  and  Design,BA,FullTime,0,2,4,18000,149.0
10004113,Textiles:  Innovation  and  Design,BA,FullTime,0,0,3,18000,149.0
10004113,User  Centred  Design,BSc,FullTime,0,0,3,18000,150.13636363636363
10004113,User  Centred  Design,BSc,FullTime,0,2,4,18000,150.13636363636363
10004180,Art  History,BA,FullTime,0,0,3,17000,112.55555555555556
10004180,Design  Engineering,BSc,FullTime,0,1,3,25000,131.0
10004180,Fashion  Art  Direction,BA,FullTime,0,0,3,17000,151.5
10004180,Fashion  Design  and  Technology,BA,FullTime,2,1,4,17000,85.0
10004180,Fashion  Design  and  Technology  -  Menswear,BA,FullTime,0,1,3,17000,140.0
10004180,Fashion  Design  and  Technology  -  Sportswear,BA,FullTime,0,1,3,17000,150.0
10004180,Fashion  Design  and  Technology  -  Womenswear,BA,FullTime,0,1,3,17000,146.30769230769232
10004180,Fine  Art,BA,FullTime,0,0,3,16000,128
10004180,Graphic  Design,BA,FullTime,0,0,3,17000,147.75
10004180,Interactive  Arts,BA,FullTime,0,0,3,16000,154.0
10004180,Interior  Design,BA,FullTime,0,0,3,17000,112
10004180,Product  Design  and  Technology,BSc,FullTime,0,1,3,25000,124.0
10004180,Three  Dimensional  Design,BA,FullTime,0,0,3,17000,150.0
10007798,Art  History  and  History,BA,FullTime,0,0,3,18000,153.7826086956522
10007798,Artificial  Intelligence,MEng,FullTime,1,0,4,22000,179.26086956521738
10007798,Artificial  Intelligence,MEng,FullTime,1,2,5,22000,179.26086956521738
10007798,Artificial  Intelligence,BSc,FullTime,1,0,3,22000,179.26086956521738
10007798,Artificial  Intelligence,BSc,FullTime,1,2,4,22000,179.26086956521738
10007798,Earth  Sciences,MEarthSci,FullTime,1,0,4,20000,153.80769230769232
10007798,Film  Studies  and  History  of  Art,BA,FullTime,0,0,3,18000,153.7826086956522
10007798,History  of  Art,BA,FullTime,0,0,3,18000,130.5
10004351,Fashion  Design,BA,FullTime,1,0,3,19000,135.5
10004351,Fine  Art,BA,FullTime,0,0,3,18000,106.0
10004351,Games  Design,BA,FullTime,1,0,3,19000,119.5
10004351,Games  Design,BSc,FullTime,1,1,3,19000,119.5
10004351,Graphic  Design,BA,FullTime,0,0,3,19000,128
10004351,Interior  Design,BA,FullTime,0,1,3,19000,80
10004351,Music  Business  and  Arts  Management,BA,FullTime,1,0,3,18000,122.0
10004351,Product  Design,BA,FullTime,0,1,3,19000,115.0
10004351,Theatre  Arts,BA,FullTime,1,0,3,18000,122.0
10004478,Professional  Floristry  and  Floral  Design,FdA,FullTime,0,0,2,16000,0
10004599,Digital  Design,FDA,FullTime,0,0,2,18086,96
10004599,Fine  Art  Practice,FDA,FullTime,0,0,2,18086,96
10007799,Earth  Science,MEarthSci,FullTime,0,0,4,20000,128
10007799,Earth  Science,BSc,FullTime,0,0,3,20000,147.75
10007799,Earth  Science  with  Year  in  Industry,BSc,FullTime,0,2,4,20000,128
10007799,Earth  Science  with  Year  in  Industry,MEarthSci,FullTime,0,2,5,20000,128
10007799,Fine  Art,BA,FullTime,0,0,4,16000,189.63636363636363
10007799,Mechanical  Design  and  Manufacturing  Engineering,BEng,FullTime,0,0,3,25000,155.875
10007799,Mechanical  Design  and  Manufacturing  Engineering,MEng,FullTime,0,0,4,25000,155.875
10007138,Business  Computing  (Web  Design),BSc,FullTime,0,1,3,23000,106.26315789473685
10007138,Fine  Art,BA,FullTime,2,0,4,16000,122.71428571428571
10007138,Fine  Art,BA,FullTime,0,0,3,16000,122.71428571428571
10007138,Fine  Art  Painting  &  Drawing,BA,FullTime,0,0,3,16000,108.0
10007138,Fine  Art  Painting  &  Drawing,BA,FullTime,2,0,4,16000,108.0
10007138,Games  Art,BA,FullTime,0,0,3,23000,106.26315789473685
10007138,Interior  Design,BA,FullTime,0,0,3,18000,98.14285714285714
10007138,Interior  Design,BA,FullTime,2,0,4,18000,98.14285714285714
10007138,Product  Design,HND,FullTime,0,0,2,26000,54.0
10007138,Product  Design,BSc,FullTime,0,0,3,26000,108.0
10007138,Product  Design,BSc,FullTime,2,0,4,26000,108.0
10001282,Art  and  Design  History,BA,FullTime,0,1,3,17000,138.3846153846154
10001282,Arts  Foundation  Year,BA,FullTime,2,1,4,17000,149.35714285714286
10001282,Computer  Science  with  Artificial  Intelligence,MComp,FullTime,0,1,4,21000,133.625
10001282,Computer  Science  with  Artificial  Intelligence,BSc,FullTime,1,1,3,21000,133.625
10001282,Design  for  Industry  (Sandwich),BA,FullTime,0,0,4,17000,150.8181818181818
10001282,Fashion  Design  and  Marketing  (Sandwich),BA,FullTime,0,0,4,17000,150.8181818181818
10001282,Fine  Art,BA,FullTime,1,1,3,17000,149.35714285714286
10001282,Graphic  Design,BA,FullTime,0,1,3,17000,150.8181818181818
10001282,Interaction  Design,BA,FullTime,0,1,3,17000,150.8181818181818
10001282,Interior  Design,BA,FullTime,0,1,3,17000,150.8181818181818
10001282,Operating  Department  Practice,DipHE,FullTime,0,0,2,22000,108.0
10001282,Three  Dimensional  Design  Furniture  and  Product,BA,FullTime,0,1,3,17000,150.8181818181818
10004775,Design  for  Publishing,BA,FullTime,0,0,3,18000,128
10004775,Fine  Art,BA,FullTime,0,0,3,16000,137.54545454545453
10004775,Fine  Art,BA,FullTime,2,0,4,16000,137.54545454545453
10004775,Games  Art  and  Design,BA,FullTime,2,0,4,18000,121.47368421052632
10004775,Games  Art  and  Design,BA,FullTime,0,0,3,18000,121.47368421052632
10004775,Graphic  Design,BA,FullTime,2,0,4,18000,133.625
10004775,Graphic  Design,BA,FullTime,0,0,3,18000,133.625
10004775,Interior  Design,BA,FullTime,0,0,3,18000,134.92307692307693
10004775,Textile  Design,BA,FullTime,0,0,3,18000,128
10004797,Civil  Engineering  Design  and  Construction,MEng,FullTime,0,0,4,26000,120.03571428571429
10004797,Civil  Engineering  Design  and  Construction,MEng,FullTime,0,2,5,26000,120.03571428571429
10004797,Costume  Design  and  Making,BA,FullTime,0,0,3,18000,154.0
10004797,Decorative  Arts,BA,FullTime,0,0,3,18000,135.5
10004797,Design  for  Film  and  Television,BA,FullTime,0,0,3,18000,144
10004797,Fashion  Accessory  Design,BA,FullTime,0,0,3,18000,146.0
10004797,Fashion  Design,BA,FullTime,0,0,3,18000,154.0
10004797,Fashion  Knitwear  Design  and  Knitted  Textiles,BA,FullTime,0,0,3,18000,146.0
10004797,Fashion  Knitwear  Design  and  Knitted  Textiles,BA,FullTime,0,2,4,18000,167.5
10004797,Fine  Art,BA,FullTime,0,0,3,18000,151.5
10004797,Furniture  and  Product  Design,BA,FullTime,0,2,4,18000,122.0
10004797,Furniture  and  Product  Design,BA,FullTime,0,0,3,18000,122.0
10004797,Graphic  Design,BA,FullTime,0,0,3,18000,163.5
10004797,Interior  Architecture  and  Design,BA,FullTime,0,2,4,18000,157.63636363636363
10004797,Interior  Architecture  and  Design,BA,FullTime,0,0,3,18000,122.0
10004797,Product  Design,BSc,FullTime,0,2,4,18000,131.0
10004797,Product  Design,BA,FullTime,0,2,4,18000,131.75
10004797,Product  Design,BA,FullTime,0,0,3,18000,134.42857142857142
10004797,Product  Design,BSc,FullTime,0,0,3,18000,103.5
10004797,Textile  Design,BA,FullTime,0,0,3,18000,158.0625
10004797,Theatre  Design,BA,FullTime,0,0,3,18000,151.5
10007154,Architecture  and  Environmental  Design  (4  yr),MEng,FullTime,1,0,4,20000,179.33333333333334
10007154,Computer  Science  and  Artificial  Intelligence  with  Year  in  Industry,BSc,FullTime,1,2,4,23000,163.125
10007154,Computer  Science  with  Artificial  Intelligence,MSci,FullTime,1,0,4,23000,163.125
10007154,Computer  Science  with  Artificial  Intelligence,BSc,FullTime,1,0,3,23000,163.125
10007154,Computer  Science  with  Artificial  Intelligence  including  International  Year,MSci,FullTime,1,0,4,23000,163.125
10007154,History  and  History  of  Art,BA,FullTime,0,0,3,18000,128
10007154,History  of  Art,BA,FullTime,0,0,3,18000,135.5
10007154,History  of  Art  (with  Foundation  Year),BA,FullTime,2,0,4,18000,153.54545454545453
10007154,Product  Design  and  Manufacture,MEng,FullTime,1,0,4,26000,144
10007154,Product  Design  and  Manufacture,BEng,FullTime,1,0,3,26000,147.0
10007154,Product  Design  and  Manufacture  including  an  Industrial  Year,BEng,FullTime,1,2,4,26000,167.77777777777777
10007154,Product  Design  and  Manufacture  including  an  Industrial  Year,MEng,FullTime,1,2,5,26000,167.77777777777777
10007154,Product  Design  and  Manufacture  with  Study  Abroad,BEng,FullTime,1,0,3,26000,167.77777777777777
10007154,Product  Design  and  Manufacture  with  Study  Abroad,MEng,FullTime,1,0,4,26000,167.77777777777777
10004930,Anthropology  and  History  of  Art,BA,PartTime,0,0,,27000,0
10004930,Fine  Art,BA,FullTime,0,0,3,17000,128
10004930,History  of  Art,BA,FullTime,1,0,3,20000,120.57142857142857
10004930,History  of  Art  and  History,BA,FullTime,1,0,3,20000,124.91666666666667
10004930,Operating  Department  Practice,BSc,PartTime,0,0,,28000,0
10004930,Operating  Department  Practice,BSc,FullTime,0,0,3,22000,112
10004930,Urban  Design  Planning  and  Development,BA,FullTime,1,0,3,25000,115.0
10007774,Earth  Sciences  (4  years),MEarthSci,FullTime,0,0,4,24000,219.25
10007774,Fine  Art,BA,FullTime,0,0,3,18000,208
10007774,History  of  Art,BA,FullTime,0,0,3,21000,192
10004676,Mechanical  Design  and  Manufacture,FdSc,PartTime,0,0,,28000,0
10005127,3D  Design  Crafts,BA,FullTime,1,0,3,16000,128
10005127,Fine  Art,BA,FullTime,1,0,3,17000,128
10005127,Game  Arts,BA,FullTime,1,0,3,18000,112
10005127,Graphic  Design,BA,FullTime,1,0,3,18000,101.0
10005127,Interior  Decoration  Design  and  Styling,BA,FullTime,1,0,3,18000,118.66666666666667
10005127,Printed  Textile  Design  and  Surface  Pattern,BA,FullTime,1,0,3,18000,155.25
10005127,Product  Design  and  Innovation,BA,FullTime,1,0,3,18000,118.66666666666667
10005128,Mechanical  Design  and  Manufacture,CertHE,PartTime,0,0,,25000,0
10007801,3D  Design,BA,FullTime,0,0,3,18000,121.0
10007801,Art  History,BA,FullTime,0,0,3,18000,109.33333333333333
10007801,Digital  Media  Design,BA,FullTime,0,1,3,24000,121.0
10007801,Digital  Media  Design,BSc,FullTime,0,1,3,24000,148.28571428571428
10007801,Earth  Sciences  with  Foundation  Year,BSc,FullTime,2,0,4,19000,108.6923076923077
10007801,Fine  Art,BA,FullTime,0,0,3,18000,112
10007801,Games  Arts  and  Design,BA,FullTime,0,1,3,18000,122.58823529411765
10007801,Internet  Design,BA,FullTime,0,1,3,24000,117.625
10007801,Internet  Design,BSc,FullTime,0,1,3,24000,117.625
10007801,Media  Arts,BA,FullTime,0,0,3,17000,119.5
10007801,Primary  (Art  and  Design),BEd,FullTime,0,0,3,22000,116.2
10007155,Fashion  And  Textile  Design,BA,FullTime,0,1,3,18000,106.71428571428571
10007155,Graphic  Design,BA,FullTime,0,1,3,18000,128
10007155,Industrial  Design,BSc,FullTime,1,1,3,26000,104.33333333333333
10007155,Interior  Architecture  And  Design,BA,FullTime,0,1,3,20000,106.0
10007155,Operating  Department  Practice,BSc,FullTime,0,0,3,22000,96
10007155,Product  Design  And  Innovation,BSc,FullTime,1,1,3,26000,107.25
10007775," ""Design  Innovation  and  Creative  Engineering """,MEng,FullTime,0,0,4,26000,137.375
10007775,Design  Innovation  and  Creative  Engineering,MEng,FullTime,0,0,5,26000,137.375
10007775,Design  Innovation  and  Creative  Engineering,BEng,FullTime,0,0,4,26000,137.375
10007775,Design  Innovation  and  Creative  Engineering,BEng,FullTime,0,0,3,26000,137.375
10007775,Materials  and  Design,MEng,FullTime,0,0,5,21000,139.25
10007775,Materials  and  Design,BEng,FullTime,0,0,4,21000,139.25
10007775,Materials  and  Design,MEng,FullTime,0,2,5,21000,139.25
10007775,Materials  and  Design,BEng,FullTime,0,0,3,21000,139.25
10007775,Materials  and  Design,BEng,FullTime,0,2,4,21000,139.25
10007775,Materials  and  Design,MEng,FullTime,0,0,4,21000,139.25
10007775,Physics  with  Particle  Physics,MSci,FullTime,0,0,4,27000,129.07142857142858
10007775,Physics  with  Particle  Physics,BSc,FullTime,0,0,3,27000,129.07142857142858
10005389,Design  Products,BA,FullTime,0,0,3,19000,89.0
10005389,Digital  Advertising  and  Design,BA,FullTime,0,0,3,19000,87.5
10005389,Fashion  Accessory  Design  and  Prototyping,BA,FullTime,0,0,3,19000,87.5
10005389,Graphic  Design,BA,FullTime,0,0,3,19000,119.5
10007802,Art,BA,FullTime,0,0,4,18000,123.25
10007802,Fine  Art,BA,FullTime,0,1,3,18000,124.5
10007802,Primary  Education  with  Art,BA,FullTime,0,0,3,22000,112
10005404,Agriculture  (Part-Time),FdSc,PartTime,0,0,,24000,0
10005404,Agriculture  with  Dairy  Herd  Management  (Part-Time),FdSc,PartTime,0,0,,24000,0
10005404,Food  Manufacturing  with  Business  Management  (Part-Time),FdSc,PartTime,0,0,,27000,0
10005500,Communication  Design,BA,FullTime,0,0,4,17000,166.0
10005500,Computer  Network  Management  and  Design,BSc,FullTime,0,0,2,23000,147.0
10005500,Contemporary  Art  Practice,BA,FullTime,0,0,4,16000,150.42857142857142
10005500,Fashion  and  Textile  Design,BA,FullTime,0,0,4,17000,128
10005500,Three  Dimensional  Design,BA,FullTime,0,0,4,17000,162.64705882352942
10005523,American  Theatre  Arts,BA,FullTime,0,0,3,18000,112
10005523,European  Theatre  Arts,BA,FullTime,0,0,3,18000,138.0
10005523,Lighting  Design,BA,FullTime,0,0,3,22000,153.0
10005523,Scenic  Arts,BA,FullTime,0,0,3,18000,134.0
10005523,Theatre  Design,BA,FullTime,0,0,3,18000,134.0
10005545,Garden  Design  And  Plantsmanship,FdSc,FullTime,0,0,2,24000,80
10007816,Design  For  The  Stage  (Theatre  Practice),BA,FullTime,0,0,3,19000,152.57142857142858
10007816,Performance  Arts  (Theatre  Practice),BA,FullTime,0,0,3,19000,152.57142857142858
10007816,Puppetry:  Design  and  Performance  (Theatre  Practice),BA,FullTime,0,0,3,19000,152.57142857142858
10007816,Scenic  Art  (Theatre  Practice),BA,FullTime,0,0,3,19000,152.57142857142858
10007816,Theatre  Lighting  Design  (Theatre  Practice),BA,FullTime,0,0,3,19000,152.57142857142858
10005553,Comparative  Literature  and  Cultures  with  History  of  Art  and  Visual  Culture,BA,FullTime,0,0,3,21000,115.75
10005553,Computer  Science  (Artificial  Intelligence),MSci,FullTime,0,0,4,25000,141.26923076923077
10005553,Computer  Science  (Artificial  Intelligence),BSc,FullTime,0,0,3,25000,141.26923076923077
10005553,Computer  Science  (Artificial  Intelligence)  with  Year  in  Industry,BSc,FullTime,0,2,4,25000,141.26923076923077
10005553,Computer  Science  (Artificial  Intelligence)  with  Year  in  Industry,MSci,FullTime,0,2,5,25000,141.26923076923077
10005553,History  of  Art  and  Visual  Culture  and  Comparative  Literature  and  Culture,BA,FullTime,0,0,3,21000,115.75
10005553,Modern  Languages  and  History  of  Art  and  Visual  Culture,BA,FullTime,0,1,4,21000,115.75
10005553,Modern  Languages  with  History  of  Art  and  Visual  Culture,BA,FullTime,0,1,4,21000,115.75
10005553,Physics  with  Particle  Physics,BSc,FullTime,0,0,3,25000,139.25
10005553,Physics  with  Particle  Physics,MSci,FullTime,0,0,4,25000,144
10007156,Architectural  Design  &  Technology  (Accelerated  day-release),BSc,FullTime,0,1,3,18000,122.0
10007156,Architectural  Design  &  Technology  (Accelerated  Degree),BSc,FullTime,0,1,2,18000,122.0
10007156,Architectural  Design  &  Technology  with  Foundation  Year,BSc,FullTime,2,0,4,18000,109.125
10007156,Architectural  Design  and  Technology,BSc,FullTime,0,1,3,18000,109.125
10007156,Architectural  Design  and  Technology,BSc,PartTime,0,1,,29000,0
10007156,Costume  Design,BA,FullTime,0,0,3,16000,124.3913043478261
10007156,Fashion  Design,BA,FullTime,0,0,3,17000,132.0
10007156,Fashion  Design  with  Foundation  Year,BA,FullTime,2,0,4,17000,132.0
10007156,Film  and  TV  Set  Design,BA,FullTime,0,0,3,16000,124.3913043478261
10007156,Film  and  TV  Set  Design  with  Foundation  Year,BA,FullTime,2,0,4,16000,124.3913043478261
10007156,Graphic  Design,BA,FullTime,0,0,3,17000,132.6153846153846
10007156,Graphic  Design,BA,FullTime,0,0,3,17000,130.30769230769232
10007156,Graphic  Design  with  Foundation  Year,BA,FullTime,2,0,4,17000,132.6153846153846
10007156,Interior  Design,BA,FullTime,0,0,3,17000,108.5
10007156,Interior  Design  with  Foundation  Year,BA,FullTime,2,0,4,17000,108.5
10007156,Music:  Musical  Arts,BA,FullTime,0,0,3,16000,137.0
10007156,Music:  Musical  Arts  with  Foundation  Year,BA,FullTime,2,0,4,16000,112
10007156,Technical  Theatre  (Production  and  Design),BA,FullTime,0,0,3,16000,124.3913043478261
10007156,Visual  Arts,BA,FullTime,0,0,3,16000,155.25
10007156,Visual  Arts  with  Foundation  Year,BA,FullTime,2,0,4,16000,155.25
10007780,History  and  History  of  Art/Archaeology,BA,FullTime,0,0,3,22000,145.42857142857142
10007780,History  of  Art,BA,FullTime,0,0,3,22000,144
10007780,History  of  Art  (Asia  Africa  Europe),BA,FullTime,0,0,3,22000,145.42857142857142
10007780,History  of  Art/Archaeology,BA,FullTime,0,0,3,22000,145.42857142857142
10005790,Fashion  Design,BA,FullTime,0,1,3,17000,96
10005790,Fine  Art,BA,FullTime,0,0,3,16000,114.5
10005790,Graphic  Design,BA,FullTime,0,1,3,17000,123.0
10005790,Interior  Design,BA,FullTime,0,1,3,18000,108.0
10005790,International  Events  Management  with  Arts  and  Entertainment,BSc,FullTime,0,1,3,18000,121.375
10005790,Operating  Department  Practice,BSc,FullTime,0,0,3,22000,140.0
10005790,Product  Design,BA,FullTime,0,1,3,17000,96
10005790,Product  Design:  Furniture,BA,FullTime,0,1,3,17000,99.75
10007157,Artificial  Intelligence  and  Computer  Science,BSc,FullTime,1,2,4,23000,153.0
10007157,Artificial  Intelligence  and  Computer  Science,MComp,FullTime,1,1,4,23000,153.0
10007157,Artificial  Intelligence  and  Computer  Science,MComp,FullTime,1,2,5,23000,153.0
10007157,Artificial  Intelligence  and  Computer  Science,BSc,FullTime,1,1,3,23000,153.0
10006022,Animation  (With  Digital  Arts  Year),BA,FullTime,2,0,4,17000,102.0
10006022,Architectural  Design  And  Technology,BA,FullTime,0,0,3,19000,75.25
10006022,Architectural  Design  And  Technology  (With  Design  Year),BA,FullTime,2,0,4,19000,75.25
10006022,Architectural  Design  And  Technology  (With  Language  Year),BA,FullTime,2,0,4,19000,75.25
10006022,Architectural  Design  And  Visualisation,BSc,FullTime,0,0,3,19000,75.25
10006022,Architectural  Design  And  Visualisation  (With  Design  Year),BSc,FullTime,2,0,4,19000,75.25
10006022,Architectural  Design  And  Visualisation  (With  Language  Year),BSc,FullTime,2,0,4,19000,75.25
10006022,Beauty  Promotion  (With  Design  Year),BA,FullTime,2,0,4,21000,91.66666666666667
10006022,Computer  Games  (Art),BA,FullTime,0,0,3,25000,89.0
10006022,Computer  Games  (Art)  (With  Digital  Arts  Year),BA,FullTime,2,0,4,25000,89.0
10006022,Computer  Games  (Design),BA,FullTime,0,0,3,25000,89.0
10006022,Computer  Games  (Design)  (With  Digital  Arts  Year),BA,FullTime,2,0,4,25000,89.0
10006022,Computer  Games  (Indie)  (With  Digital  Arts  Year),BSc,FullTime,2,0,4,25000,83.75
10006022,Computer  Games  (Indie)  (With  Digital  Arts  Year),BSc,FullTime,2,2,5,25000,89.0
10006022,Computer  Games  (Software  Development)  (With  Digital  Arts  Year),BSc,FullTime,2,0,4,25000,103.5
10006022,Computer  Games  (Software  Development)  (With  Digital  Arts  Year),BSc,FullTime,2,2,5,25000,107.25
10006022,Computer  Generated  Imagery  (With  Digital  Arts  Year),BA,FullTime,2,0,4,25000,124.0
10006022,Computer  Networks  And  Web  Design,BSc,FullTime,0,2,4,25000,89.0
10006022,Computer  Networks  And  Web  Design,BSc,FullTime,0,0,3,25000,83.75
10006022,Computer  Networks  And  Web  Design  (With  Computing  Year),BSc,FullTime,2,2,5,25000,89.0
10006022,Computer  Networks  And  Web  Design  (With  Computing  Year),BSc,FullTime,2,0,4,25000,83.75
10006022,Computer  Networks  And  Web  Design  (With  Language  Year),BSc,FullTime,2,0,4,25000,83.75
10006022,Construction  Management  (With  Design  Year),BSc,FullTime,2,0,4,26000,64
10006022,Digital  Animation  (With  Digital  Arts  Year),BA,FullTime,2,0,4,17000,109.88888888888889
10006022,Engineering  Design  And  Manufacture,BSc,FullTime,0,0,3,26000,64
10006022,Engineering  Design  And  Manufacture  (With  Language  Year),BSc,FullTime,2,0,4,26000,64
10006022,Engineering  Design  And  Manufacture  (With  Science  &  Engineering  Year),BSc,FullTime,2,0,4,26000,64
10006022,Fashion  (With  Design  Year),BA,FullTime,2,0,4,18000,100.28571428571428
10006022,Fashion  Graphics  (With  Design  Year),BA,FullTime,2,0,4,18000,118.42857142857143
10006022,Fashion  Management  With  Marketing  (With  Design  Year),BA,FullTime,2,0,4,19000,101.0
10006022,Fashion  Media  (With  Design  Year),BA,FullTime,2,0,4,18000,110.4
10006022,Fashion  Photography  (With  Design  Year),BA,FullTime,2,0,4,17000,105.0
10006022,Fashion  Promotion  And  Communication  (With  Design  Year),BA,FullTime,2,0,4,18000,108.0
10006022,Fashion  Styling  And  Creative  Direction  (With  Design  Year),BA,FullTime,2,0,4,18000,107.42857142857143
10006022,Fine  Art,BA,FullTime,0,0,3,18000,89.375
10006022,Fine  Art  (With  Design  Year),BA,FullTime,2,0,4,18000,89.375
10006022,Graphic  Design,BA,FullTime,0,0,3,18000,117.0
10006022,Graphic  Design  (With  Design  Year),BA,FullTime,2,0,4,18000,117.0
10006022,Illustration  (With  Design  Year),BA,FullTime,2,0,4,18000,101.0
10006022,Interior  Design,BA,FullTime,0,0,3,18000,80
10006022,Interior  Design  (With  Design  Year),BA,FullTime,2,0,4,18000,80
10006022,Interior  Design  Decoration,BA,FullTime,0,0,3,18000,103.5
10006022,Interior  Design  Decoration  (With  Design  Year),BA,FullTime,2,0,4,18000,107.42857142857143
10006022,Make-Up  And  Hair  Design,BA,FullTime,0,0,3,18000,96
10006022,Make-Up  And  Hair  Design  (With  Design  Year),BA,FullTime,2,0,4,18000,96
10006022,Photography  (With  Design  Year),BA,FullTime,2,0,4,17000,112
10006022,Product  Design,BA,FullTime,0,0,3,18000,80
10006022,Product  Design  (With  Design  Year),BA,FullTime,2,0,4,18000,80
10006022,Trend  Forecasting  (With  Design  Year),BA,FullTime,2,0,4,21000,91.66666666666667
10006022,Virtual  And  Augmented  Reality  (Design),BA,FullTime,0,0,3,25000,89.0
10006022,Virtual  And  Augmented  Reality  (Design),BA,FullTime,0,2,4,25000,89.0
10006022,Virtual  And  Augmented  Reality  (Design)  (With  Digital  Arts  Year),BA,FullTime,2,0,4,25000,89.0
10006022,Virtual  And  Augmented  Reality  (With  Digital  Arts  Year),BSc,FullTime,2,0,4,25000,89.0
10006022,Virtual  And  Augmented  Reality  (With  Digital  Arts  Year),BSc,FullTime,2,2,5,25000,89.0
10006022,Virtual  And  Augmented  Reality  (With  Digital  Arts  Year),BA,FullTime,2,2,5,25000,89.0
10006022,Visual  Effects  (With  Digital  Arts  Year),BA,FullTime,2,0,4,25000,89.0
10006022,Web  Design  And  Development,BSc,FullTime,0,2,4,25000,89.0
10006022,Web  Design  And  Development,BSc,FullTime,0,0,3,25000,80
10006022,Web  Design  And  Development  (With  Computing  Year),BSc,FullTime,2,0,4,25000,80
10006022,Yacht  And  Powercraft  Design,BEng,FullTime,0,0,3,26000,105.375
10006022,Yacht  And  Powercraft  Design  (With  Language  Year),BEng,FullTime,2,0,4,26000,105.375
10006022,Yacht  And  Powercraft  Design  (With  Science  &  Engineering  Year),BEng,FullTime,2,0,4,26000,105.375
10006022,Yacht  Design  And  Production,BEng,FullTime,0,0,3,26000,99.75
10006022,Yacht  Design  And  Production  (With  Language  Year),BEng,FullTime,2,0,4,26000,99.75
10006022,Yacht  Design  And  Production  (With  Science  &  Engineering  Year),BEng,FullTime,2,0,4,26000,99.75
10007158,Aeronautics  and  Astronautics  /  Airvehicle  Systems  and  Design,MEng,FullTime,0,0,4,26000,160
10007158,Aeronautics  and  Astronautics  /  Computational  Engineering  Design,MEng,FullTime,0,0,4,26000,160
10007158,Aeronautics  and  Astronautics/Airvehicle  Systems  Design  with  Industrial  Placement  Year,MEng,FullTime,0,2,5,26000,160
10007158,Aeronautics  and  Astronautics/Computational  Engineering  and  Design  with  Industrial  Placement  Year,MEng,FullTime,0,2,5,26000,160
10007158,Computer  Science  with  Artificial  Intelligence,MEng,FullTime,0,0,4,25000,174.21052631578948
10007158,Fashion  and  Textile  Design,BA,FullTime,0,0,3,18000,150.6
10007158,Fine  Art,BA,FullTime,0,0,3,16000,147.75
10007158,Games  Design  and  Art,BA,FullTime,0,0,3,18000,140.5
10007158,Graphic  Arts,BA,FullTime,0,0,3,18000,140.0
10007158,Mechanical  Engineering  /  Computational  Engineering  and  Design,MEng,FullTime,0,1,4,26000,182.0
10007158,Mechanical  Engineering/Computational  Engineering  and  Design,MEng,FullTime,0,2,5,26000,182.0
10007803,Ancient  History  and  Art  History,MA,FullTime,0,0,4,19000,176
10007803,Art  History,MA,FullTime,0,0,4,19000,160
10007803,Art  History  and  Mediaeval  History,MA,FullTime,0,0,4,19000,176
10007803,Art  History  and  Modern  History,MA,FullTime,0,0,4,19000,176
10007803,Earth  Sciences,MGeol,FullTime,0,0,5,20000,176
10007803,Environmental  Earth  Sciences,BSc,FullTime,0,0,4,20000,197.0
10037449,Performing  Arts  Education,BA,FullTime,0,0,3,16000,115.0
10006299,Computer  Gameplay  Design  And  Production,BSc,FullTime,0,0,3,22000,116.5
10006299,Computer  Gameplay  Design  And  Production,BEng,PartTime,0,0,,27000,0
10006299,Computer  Gameplay  Design  And  Production,BSc,PartTime,0,0,,27000,0
10006299,Computer  Games  Design,BEng,FullTime,0,0,3,22000,124.85714285714286
10006299,Computer  Games  Design,BSc,FullTime,0,0,3,22000,112
10006299,Computer  Games  Design,BEng,PartTime,0,0,,27000,0
10006299,Computer  Games  Design,BSc,PartTime,0,0,,27000,0
10006299,Computer  Games  Design,BSc,PartTime,0,0,,27000,0
10006299,Computer  Games  Design  And  Programming,BSc,FullTime,0,0,3,22000,114.14285714285714
10006299,Computer  Games  Design  And  Programming,BSc,PartTime,0,0,,27000,0
10006299,Computer  Games  Design  With  Foundation  Year,BSc,FullTime,2,0,4,22000,81.66666666666667
10006299,Concept  Art  For  Games  And  Film,BA,FullTime,2,0,4,22000,116.5
10006299,Concept  Art  For  Games  And  Film,BA,FullTime,0,0,3,22000,116.5
10006299,Fine  Art,BA,PartTime,0,0,,22000,0
10006299,Games  Art,BA,PartTime,0,0,,27000,0
10006299,Games  Art,BA,FullTime,0,0,3,22000,135.5
10006299,Games  Art  With  Foundation  Year,BA,FullTime,2,0,4,22000,116.5
10006299,Graphic  Design,BA,PartTime,0,0,,22000,0
10006299,Operating  Department  Practice,BSc,FullTime,0,0,3,22000,147.125
10006299,Operating  Department  Practice,DipHE,FullTime,0,0,2,22000,80
10006299,Sound  Design,BSc,PartTime,0,0,,33000,0
10006299,Sound  Design,BSc,FullTime,0,2,4,26000,115.94736842105263
10006299,Sound  Design,BSc,FullTime,0,0,3,26000,115.94736842105263
10006299,Surface  Pattern  Design,BA,PartTime,0,0,,22000,0
10006299,VFX:  Visual  Effects  And  Concept  Design,BA,PartTime,0,0,,20000,0
10006299,Web  Design,BSc,FullTime,0,0,3,22000,116.5
10006299,Web  Design,BSc,FullTime,0,2,4,22000,116.5
10006299,Web  Design  (With  a  Foundation  Year),BSc,FullTime,2,0,4,22000,116.5
10014001,Fine  Art,BA,FullTime,0,0,3,18000,115.0
10014001,Graphic  Design,BA,FullTime,0,0,3,18000,144
10014001,Graphic  Design  (Graphic  Illustration),BA,FullTime,0,0,3,18000,119.5
10014001,Operating  Department  Practice,BSc,FullTime,0,0,3,22000,108.5
10007159,Animation  and  Games  Art,BA,FullTime,0,0,3,16000,96
10007159,Artist  Designer  Maker:  Glass  and  Ceramics,BA,FullTime,0,0,3,16000,101.0
10007159,Extended  Art  and  Design,BA,FullTime,0,0,4,16000,101.0
10007159,Performing  Arts,BA,FullTime,0,0,3,16000,138.0
10007159,Performing  Arts  with  Integrated  Foundation  Year,BA,FullTime,2,0,4,16000,119.5
10007806,Art  History,BA,FullTime,1,1,3,20000,140.85714285714286
10007806,Art  History  (with  a  professional  placement  year),BA,FullTime,1,2,4,20000,140.85714285714286
10007806,Computer  Science  and  Artificial  Intelligence,BSc,FullTime,1,1,3,25000,131.26086956521738
10007806,Computer  Science  and  Artificial  Intelligence  (with  an  industrial  placement  year),BSc,FullTime,1,2,4,25000,131.26086956521738
10007806,Product  Design,BSc,FullTime,1,1,3,26000,131.75
10007806,Product  Design  (with  an  industrial  placement  year),BSc,FullTime,1,2,4,26000,134.42857142857142
10007161,Computer  Games  Art,BA,FullTime,0,1,3,21000,112
10007161,Computer  Games  Art,BA,FullTime,2,1,4,21000,83.75
10007161,Computer  Games  Design,BA,FullTime,0,1,3,21000,125.75
10007161,Computer  Games  Design,BA,FullTime,2,1,4,21000,76.5
10007161,Computer  Games  Design,MComp,FullTime,0,1,4,21000,92.0
10007161,Concept  Art,BA,FullTime,0,1,3,21000,122.0
10007161,Concept  Art,BA,FullTime,2,1,4,21000,114.14285714285714
10007161,Fine  Art,BA,FullTime,0,0,3,17000,123.25
10007161,Graphic  Design  and  Illustration,BA,FullTime,0,0,3,17000,138.0
10007161,Graphic  Design  and  Illustration  (with  Foundation  Year),BA,FullTime,2,0,4,17000,138.0
10007161,Interior  Architecture  and  Design,BA,FullTime,2,1,4,17000,112
10007161,Interior  Architecture  and  Design,BA,FullTime,0,1,3,17000,112
10007161,Interior  Design,BA,FullTime,0,0,3,17000,133.0
10007161,Interior  Design  (with  Foundation  Year),BA,FullTime,2,0,4,17000,112
10007161,Operating  Department  Practice  Studies,BSc,FullTime,0,0,3,22000,130.8125
10007161,Performing  Arts,BA,FullTime,0,0,3,16000,112
10007161,Product  Design  and  Creative  Innovation,BA,FullTime,0,0,3,17000,108.85714285714286
10007161,Product  Design  and  Creative  Innovation,BA,FullTime,2,0,4,17000,108.85714285714286
10007161,Textile  Design,BA,FullTime,0,0,3,17000,112
10007161,Textile  Design,BA,FullTime,2,0,4,17000,112
10007784,Arts  and  Sciences,BASc,FullTime,0,0,4,23000,176
10007784,Arts  and  Sciences,BASc,FullTime,0,0,3,23000,176
10007784,Earth  Sciences,BSc,FullTime,0,0,3,22000,169.0
10007784,Earth  Sciences,MSci,FullTime,0,0,4,22000,160
10007784,Earth  Sciences  (International  Programme),MSci,FullTime,0,0,4,22000,169.0
10007784,History  of  Art,BA,FullTime,0,0,3,21000,183.5
10007784,Urban  Planning  Design  and  Management,BSc,FullTime,0,0,3,25000,171.25
10000712,Culinary  Arts  Management,FDA,FullTime,0,2,3,18000,68.28571428571428
10000712,Culinary  Arts  Management,BA,FullTime,0,2,4,22000,119.5
10007164,Architectural  Technology  and  Design,BSc,FullTime,2,1,4,19000,138.26315789473685
10007164,Architectural  Technology  and  Design,BSc,FullTime,0,1,3,19000,107.25
10007164,Product  Design,BA,FullTime,0,1,3,21000,119.5
10007164,Product  Design  Technology,BSc,FullTime,0,1,3,27000,118.0
10007858,Advertising  &  Brand  Design,MDes,FullTime,0,0,4,16000,97.42857142857143
10007858,Advertising  and  Brand  Design,BA,FullTime,0,0,3,16000,130.14285714285714
10007858,Art  and  Design:  Multidisciplinary,BA,FullTime,0,0,3,16000,97.42857142857143
10007858,Automotive  Design,BA,FullTime,0,0,3,16000,115.0
10007858,Automotive  Design,MDes,FullTime,0,0,4,16000,97.42857142857143
10007858,Creative  Computer  Games  Design,MDes,FullTime,0,0,4,20000,101.0
10007858,Creative  Computer  Games  Design,BA,FullTime,0,0,3,16000,87.5
10007858,Digital  Arts,MART,FullTime,0,0,4,15000,105.75
10007858,Digital  Arts,MDes,FullTime,0,0,4,15000,102.0
10007858,Digital  Arts,BA,FullTime,0,0,3,20000,101.0
10007858,Fashion:  Apparel  Design  and  Construction,BA,FullTime,0,0,3,16000,97.42857142857143
10007858,Fine  Art  -  Studio  Site  &  Context,MART,FullTime,0,0,4,16000,128
10007858,Fine  Art  -  Studio  Site  &  Context,BA,FullTime,0,0,3,16000,128
10007858,Fine  Art  (Painting;  Drawing  and  Printmaking),BA,FullTime,0,0,3,16000,128
10007858,Glass  Architectural  Arts,MDes,FullTime,0,0,4,25000,73.0
10007858,Graphic  Design,BA,FullTime,0,0,3,16000,103.5
10007858,Graphic  Design,MDes,FullTime,0,0,4,16000,97.42857142857143
10007858,Performing  Arts  -  (Contemporary  Performance),BA,FullTime,0,0,3,16000,105.375
10007858,Photography  in  the  Arts,MART,FullTime,0,0,4,16000,97.42857142857143
10007858,Photography  In  The  Arts,BA,FullTime,0,0,3,15000,80
10007858,Product  Design,BA,FullTime,0,0,3,16000,97.42857142857143
10007858,Product  Design  &  Technology,BSc,FullTime,0,0,3,16000,97.42857142857143
10007858,Product  Design  &  Technology,MDes,FullTime,0,0,4,16000,97.42857142857143
10007858,Surface  Pattern  Design  -  Fashion  Object,BA,FullTime,0,0,3,16000,97.42857142857143
10007858,Surface  Pattern  Design  -  Textiles  for  Fashion,BA,FullTime,0,0,3,16000,97.42857142857143
10007858,Surface  Pattern  Design  -  Textiles  for  Interiors,BA,FullTime,0,0,3,16000,97.42857142857143
10007858,Surface  Pattern  Design  (Fashion  Object),MDes,FullTime,0,0,4,16000,97.42857142857143
10007858,Surface  Pattern  Design  (Maker),MDes,FullTime,0,0,4,16000,97.42857142857143
10007858,Surface  Pattern  Design  (Textile  for  Fashion),MDes,FullTime,0,0,4,16000,97.42857142857143
10007858,Surface  Pattern  Design  (Textile  for  Interiors),MDes,FullTime,0,0,4,16000,97.42857142857143
10007858,Theatre  Design  and  Production,BA,FullTime,0,0,3,16000,105.375
10007858,Transport  Design,BA,FullTime,0,0,3,26000,80
10007858,Transport  Design,BA,PartTime,0,0,,33000,0
10007858,Transport  Design,MDes,FullTime,0,0,4,17000,101.0
10007163,History  of  Art,BA,FullTime,0,0,3,19000,179.75
10007163,Liberal  Arts,BA,FullTime,0,0,3,19000,158.46428571428572
10006566,Culinary  Arts  Management,BSc,FullTime,0,0,3,20000,96
10006566,Culinary  Arts  Management,BSc,FullTime,0,2,4,20000,112
10006566,Culinary  Arts  Management,BSc,FullTime,2,0,4,20000,113.25
10006566,Games  Design  and  Animation,BSc,FullTime,0,0,3,25000,87.5
10006566,Games  Design  and  Animation,BSc,FullTime,2,0,4,25000,87.5
10006566,Graphic  Design,BA,FullTime,2,0,4,19000,96
10006566,Graphic  Design  (Visual  Communication  and  Illustration),BA,FullTime,0,0,3,19000,117.0
10006566,Operating  Department  Practice,BSc,FullTime,0,0,3,23000,132.6875
10006566,Theatre  Production  Design  and  Management  (Intensive),BA,FullTime,0,0,3,19000,139.25
10007165,Architecture  and  Environmental  Design,BSc,FullTime,0,0,3,21000,136.68421052631578
10007165,Designing  Cities:  Planning  and  Architecture,BA,FullTime,0,0,3,23000,120.57142857142857
10007165,Fashion  Design,BA,FullTime,0,2,4,19000,128
10007165,Fashion  Design,BA,FullTime,0,0,3,19000,154.0
10007165,Fine  Art  Mixed  Media,BA,FullTime,0,0,3,19000,101.0
10007165,Graphic  Communication  Design,BA,FullTime,0,0,3,19000,96
10003614,Computer  Aided  Design,BSc,FullTime,0,0,3,17000,96
10003614,Computer  Aided  Design:  Exhibition  Design,BSc,FullTime,0,0,3,17000,96
10003614,Computer  Aided  Design:  Product  and  Packaging  Design,BSc,FullTime,0,0,3,17000,96
10003614,Computer  Aided  Design:  Spatial  Design  (Interior  and  Landscape),BSc,FullTime,0,0,3,17000,96
10003614,Computer  Aided  Design:  User  Centred  Design,BSc,FullTime,0,0,3,17000,96
10003614,Digital  Media  Design,BA,FullTime,0,0,3,17000,96
10003614,Digital  Media  Design:  3D  Visualisation,BA,FullTime,0,0,3,17000,96
10003614,Drama  and  Performing  Arts,BA,FullTime,0,0,3,17000,116.6875
10003614,Liberal  Arts,BA,FullTime,0,0,3,18000,103.5
10003614,Performing  Arts,BA,FullTime,0,0,3,17000,119.5
10003614,Theatre  Production  (Arts  and  Stage  Management),BA,FullTime,0,0,3,17000,119.5
10007166,Applied  Arts,BA,PartTime,0,0,,16000,0
10007166,Applied  Arts,BA,FullTime,0,0,3,15000,131.0
10007166,Applied  Arts  with  Foundation  Year,BA,PartTime,2,0,,16000,0
10007166,Applied  Arts  with  Foundation  Year,BA,FullTime,2,0,4,18000,80
10007166,Architectural  Design  Technology,BSc,FullTime,0,2,4,18000,87.5
10007166,Architectural  Design  Technology,BSc,FullTime,0,0,3,18000,64
10007166,Architectural  Design  Technology,BSc,PartTime,0,0,,30000,0
10007166,Architectural  Design  Technology  with  Foundation,BSc,PartTime,2,0,,30000,0
10007166,Architectural  Design  Technology  with  Foundation,BSc,FullTime,2,0,4,18000,87.5
10007166,Computer  Games  Design,BA,PartTime,0,0,,16000,0
10007166,Computer  Games  Design,BA,FullTime,0,0,3,18000,90.71428571428571
10007166,Computer  Games  Design  with  Foundation  Year,BA,PartTime,2,0,,16000,0
10007166,Computer  Games  Design  with  Foundation  Year,BA,FullTime,2,0,4,18000,80
10007166,Computer  Science  (Smart  Technologies),BSc,FullTime,0,0,3,22000,92.1875
10007166,Computer  Science  (Smart  Technologies),BSc,FullTime,0,2,4,22000,92.1875
10007166,Computer  Science  (Smart  Technologies),BSc,PartTime,0,0,,25000,0
10007166,Fine  Art,BA,FullTime,0,0,3,15000,89.0
10007166,Fine  Art,BA,PartTime,0,0,,16000,0
10007166,Fine  Art  with  Foundation  Year,BA,PartTime,2,0,,16000,0
10007166,Fine  Art  with  Foundation  Year,BA,FullTime,2,0,4,15000,89.0
10007166,Fine  Art  with  Sandwich  Placement,BA,FullTime,0,2,4,15000,89.0
10007166,Furniture  Design,BDes,FullTime,0,0,3,18000,80
10007166,Furniture  Design,BDes,PartTime,0,0,,16000,0
10007166,Furniture  Design  with  Foundation  Year,BDes,FullTime,2,0,4,18000,80
10007166,Furniture  Design  with  Foundation  Year,BDes,PartTime,2,0,,16000,0
10007166,Furniture  Design  with  Sandwich  Placement,BDes,FullTime,0,2,4,18000,80
10007166,Graphic  Design,BA,PartTime,0,0,,16000,0
10007166,Graphic  Design,BA,FullTime,0,2,4,18000,80
10007166,Graphic  Design,BA,FullTime,0,0,3,18000,80
10007166,Graphic  Design  with  Foundation  Year,BA,PartTime,2,0,,16000,0
10007166,Graphic  Design  with  Foundation  Year,BA,FullTime,2,0,4,18000,80
10007166,Interior  Design,BDes,FullTime,0,0,3,18000,80
10007166,Interior  Design,BDes,PartTime,0,0,,16000,0
10007166,Interior  Design  with  Foundation  Year,BDes,FullTime,2,0,4,18000,80
10007166,Interior  Design  with  Foundation  Year,BDes,PartTime,2,0,,16000,0
10007166,Interior  Design  with  Sandwich  Placement,BDes,FullTime,0,2,4,18000,80
10007166,Product  Design,BDes,FullTime,0,0,3,18000,80
10007166,Product  Design,BDes,PartTime,0,0,,16000,0
10007166,Product  Design  with  Foundation  Year,BDes,FullTime,2,0,4,16000,85.0
10007166,Product  Design  with  Foundation  Year,BDes,PartTime,2,0,,16000,0
10007166,Product  Design  with  Sandwich  Placement,BDes,FullTime,0,2,4,18000,80
10007166,Sculpture  and  Environmental  Art,BA,FullTime,0,0,3,15000,89.0
10007166,Sculpture  and  Environmental  Art,BA,PartTime,0,0,,16000,0
10007166,Sculpture  and  Environmental  Art  with  FY,BA,PartTime,2,0,,16000,0
10007166,Sculpture  and  Environmental  Art  with  FY,BA,FullTime,2,0,4,15000,89.0
10007166,Sculpture  and  Environmental  Art  with  Sandwich,BA,FullTime,0,2,4,15000,89.0
10007166,Sports  Coaching  Practice  (Martial  Arts),BSc,FullTime,0,0,3,17000,119.5
10007139,Computer  Games  Design  and  Development,BSc,FullTime,0,1,3,22000,92.0
10007139,Fine  Art,BA,FullTime,0,0,3,16000,96
10007139,Game  Art,BA,FullTime,0,0,3,22000,102.0
10007139,Graphic  Design,BA,FullTime,0,0,3,17000,115.75
10007139,Graphic  Design  and  Illustration,BA,FullTime,0,0,3,17000,115.75
10007657,Professional  Floristry  and  Floral  Design,BA,FullTime,0,0,3,20000,130.64705882352942
10007713,Fine  Art,BA,FullTime,0,0,3,16000,122.0
10007713,Furniture  Design,BA,FullTime,0,0,3,17000,118.0
10007713,Graphic  Design,BA,FullTime,0,0,3,17000,118.0
10007713,Interior  Design,BA,FullTime,0,0,3,17000,118.0
10007713,Product  Design,BA,FullTime,0,0,3,17000,118.0
10007167,Computer  Science  with  Artificial  Intelligence,MEng,FullTime,0,2,5,24000,160
10007167,Computer  Science  with  Artificial  Intelligence,MEng,FullTime,0,1,4,24000,161.42857142857142
10007167,Curating  and  Art  History,BA,FullTime,0,1,4,19000,160.9375
10007167,Curating  and  Art  History,BA,FullTime,0,1,3,19000,160.9375
10007167,History  of  Art,BA,FullTime,0,1,4,19000,146.14285714285714
10007167,History  of  Art,BA,FullTime,0,1,3,19000,146.14285714285714
10007167,History/History  of  Art  (Equal),BA,FullTime,0,1,3,19000,160.9375
